{"cameraMode":{"drawMode":0,"name":"Shaded","section":"Shading Mode"},"sceneLighting":false,"audioPlay":false,"sceneViewState":{"showFog":true,"showMaterialUpdate":false,"showSkybox":false,"showFlares":true,"showImageEffects":true,"showParticleSystems":true},"in2DMode":false,"pivot":{"x":-0.14938442409038545,"y":1.82948637008667,"z":-4.888481140136719},"rotation":{"x":-0.14821115136146546,"y":0.025805719196796418,"z":-0.0038691554218530657,"w":-0.988615870475769},"size":0.4330126941204071,"orthographic":false}